DriverNumber,Driver,LapNumber,Compound,TyreLife,Sector1Time,Sector2Time,Sector3Time,LapTime
1,VER,1.0,MEDIUM,1.0,,39.931,34.944,99.51
1,VER,2.0,MEDIUM,2.0,18.209,54.569,42.16,114.938
1,VER,3.0,MEDIUM,3.0,23.196,41.997,32.858,98.051
1,VER,4.0,MEDIUM,4.0,18.166,38.187,33.151,89.504
1,VER,5.0,MEDIUM,5.0,18.056,37.945,33.812,89.813
1,VER,6.0,MEDIUM,6.0,18.012,38.101,33.299,89.412
1,VER,7.0,MEDIUM,7.0,18.085,38.58,33.22,89.885
1,VER,8.0,MEDIUM,8.0,18.021,37.966,33.837,89.824
1,VER,9.0,MEDIUM,9.0,18.085,38.121,33.239,89.445
1,VER,10.0,MEDIUM,10.0,18.135,38.811,33.503,90.449
1,VER,11.0,MEDIUM,11.0,18.08,38.538,33.777,90.395
1,VER,12.0,MEDIUM,12.0,18.099,38.564,33.501,90.164
1,VER,13.0,MEDIUM,13.0,18.103,38.737,33.338,90.178
1,VER,14.0,MEDIUM,14.0,18.006,38.876,33.246,90.128
1,VER,15.0,MEDIUM,15.0,18.019,38.636,33.221,89.876
1,VER,16.0,MEDIUM,16.0,18.052,38.838,33.157,90.047
1,VER,17.0,MEDIUM,17.0,17.979,38.793,33.137,89.909
1,VER,18.0,MEDIUM,18.0,18.028,38.64,33.158,89.826
1,VER,19.0,MEDIUM,19.0,18.077,38.705,33.294,90.076
1,VER,20.0,MEDIUM,20.0,18.006,38.823,33.175,90.004
1,VER,21.0,MEDIUM,21.0,17.975,38.588,33.132,89.695
1,VER,22.0,MEDIUM,22.0,18.023,38.754,33.112,89.889
1,VER,23.0,MEDIUM,23.0,17.972,38.798,33.169,89.939
1,VER,24.0,MEDIUM,24.0,17.969,38.653,33.128,89.75
1,VER,25.0,MEDIUM,25.0,17.97,38.656,33.226,89.852
1,VER,26.0,MEDIUM,26.0,17.964,38.827,33.477,90.268
1,VER,27.0,MEDIUM,27.0,17.942,38.858,33.097,89.897
1,VER,28.0,MEDIUM,28.0,17.994,39.156,33.124,90.274
1,VER,29.0,MEDIUM,29.0,17.92,38.668,35.269,91.857
1,VER,30.0,HARD,1.0,49.136,38.137,32.222,119.495
1,VER,31.0,HARD,2.0,17.867,37.731,32.49,88.088
1,VER,32.0,HARD,3.0,17.891,38.182,32.455,88.528
1,VER,33.0,HARD,4.0,17.735,38.162,32.436,88.333
1,VER,34.0,HARD,5.0,17.725,38.227,32.457,88.409
1,VER,35.0,HARD,6.0,17.662,37.912,33.537,89.111
1,VER,36.0,HARD,7.0,18.023,37.998,32.536,88.557
1,VER,37.0,HARD,8.0,17.714,38.254,32.445,88.413
1,VER,38.0,HARD,9.0,17.67,38.204,32.486,88.36
1,VER,39.0,HARD,10.0,17.724,38.101,32.471,88.296
1,VER,40.0,HARD,11.0,17.675,38.155,32.515,88.345
1,VER,41.0,HARD,12.0,17.698,38.222,32.519,88.439
1,VER,42.0,HARD,13.0,17.576,38.066,32.471,88.113
1,VER,43.0,HARD,14.0,17.685,37.847,32.557,88.089
1,VER,44.0,HARD,15.0,17.655,38.235,32.611,88.501
1,VER,45.0,HARD,16.0,17.648,37.861,32.558,88.067
1,VER,46.0,HARD,17.0,17.595,38.288,32.348,88.231
1,VER,47.0,HARD,18.0,17.635,38.232,32.437,88.304
1,VER,48.0,HARD,19.0,17.65,38.031,32.212,87.893
1,VER,49.0,HARD,20.0,17.56,38.215,32.152,87.927
1,VER,50.0,HARD,21.0,17.569,38.245,32.147,87.961
1,VER,51.0,HARD,22.0,17.543,38.151,32.126,87.82
1,VER,52.0,HARD,23.0,17.592,38.194,32.261,88.047
1,VER,53.0,HARD,24.0,17.553,38.239,32.272,88.064
1,VER,54.0,HARD,25.0,17.701,38.164,32.487,88.352
1,VER,55.0,HARD,26.0,17.648,37.893,32.28,87.821
1,VER,56.0,HARD,27.0,17.571,38.063,32.131,87.765
1,VER,57.0,HARD,28.0,17.565,38.204,32.405,88.174
1,VER,58.0,HARD,29.0,17.676,38.262,32.842,88.78
10,GAS,1.0,MEDIUM,1.0,,38.658,33.126,93.984
10,GAS,2.0,MEDIUM,2.0,18.158,46.804,44.798,109.76
10,GAS,3.0,MEDIUM,3.0,25.771,44.128,32.938,102.837
10,GAS,4.0,MEDIUM,4.0,17.935,37.997,33.474,89.406
10,GAS,5.0,MEDIUM,5.0,18.105,38.555,32.951,89.611
10,GAS,6.0,MEDIUM,6.0,18.14,38.62,33.254,90.014
10,GAS,7.0,MEDIUM,7.0,17.897,38.596,33.251,89.744
10,GAS,8.0,MEDIUM,8.0,17.965,38.532,33.235,89.732
10,GAS,9.0,MEDIUM,9.0,17.895,38.687,33.049,89.631
10,GAS,10.0,MEDIUM,10.0,17.962,38.86,33.305,90.127
10,GAS,11.0,MEDIUM,11.0,17.994,38.891,33.187,90.072
10,GAS,12.0,MEDIUM,12.0,18.084,38.888,33.202,90.174
10,GAS,13.0,MEDIUM,13.0,17.952,38.891,33.33,90.173
10,GAS,14.0,MEDIUM,14.0,17.987,38.923,35.331,92.241
10,GAS,15.0,HARD,1.0,38.392,38.503,32.889,109.784
10,GAS,16.0,HARD,2.0,17.901,37.866,34.16,89.927
10,GAS,17.0,HARD,3.0,18.007,38.58,33.399,89.986
10,GAS,18.0,HARD,4.0,18.064,38.864,33.195,90.123
10,GAS,19.0,HARD,5.0,17.923,38.762,32.882,89.567
10,GAS,20.0,HARD,6.0,17.865,38.713,32.984,89.562
10,GAS,21.0,HARD,7.0,17.977,38.798,32.95,89.725
10,GAS,22.0,HARD,8.0,17.924,38.478,34.225,90.627
10,GAS,23.0,HARD,9.0,18.073,38.864,33.2,90.137
10,GAS,24.0,HARD,10.0,18.031,39.297,33.816,91.144
10,GAS,25.0,HARD,11.0,17.98,38.725,33.045,89.75
10,GAS,26.0,HARD,12.0,17.877,38.739,33.072,89.688
10,GAS,27.0,HARD,13.0,17.887,38.677,33.817,90.381
10,GAS,28.0,HARD,14.0,17.877,38.742,32.977,89.596
10,GAS,29.0,HARD,15.0,17.81,38.715,32.884,89.409
10,GAS,30.0,HARD,16.0,17.799,38.664,32.788,89.251
10,GAS,31.0,HARD,17.0,17.866,38.72,32.977,89.563
10,GAS,32.0,HARD,18.0,17.904,38.683,33.06,89.647
10,GAS,33.0,HARD,19.0,17.91,38.776,32.83,89.516
10,GAS,34.0,HARD,20.0,17.916,38.682,32.833,89.431
10,GAS,35.0,HARD,21.0,17.884,38.769,32.847,89.5
10,GAS,36.0,HARD,22.0,17.856,38.689,32.776,89.321
10,GAS,37.0,HARD,23.0,17.899,38.615,32.698,89.212
10,GAS,38.0,HARD,24.0,17.784,38.786,32.936,89.506
10,GAS,39.0,HARD,25.0,17.92,38.519,32.882,89.321
10,GAS,40.0,HARD,26.0,17.848,38.637,32.887,89.372
10,GAS,41.0,HARD,27.0,17.88,38.771,32.853,89.504
10,GAS,42.0,HARD,28.0,17.873,38.828,33.297,89.998
10,GAS,43.0,HARD,29.0,17.818,38.745,32.89,89.453
10,GAS,44.0,HARD,30.0,17.797,38.729,32.853,89.379
10,GAS,45.0,HARD,31.0,17.868,38.755,33.778,90.401
10,GAS,46.0,HARD,32.0,17.883,38.668,33.099,89.65
10,GAS,47.0,HARD,33.0,17.995,38.663,32.865,89.523
10,GAS,48.0,HARD,34.0,17.936,38.645,32.853,89.434
10,GAS,49.0,HARD,35.0,17.998,38.58,32.915,89.493
10,GAS,50.0,HARD,36.0,17.842,38.716,33.048,89.606
10,GAS,51.0,HARD,37.0,17.875,38.745,32.951,89.571
10,GAS,52.0,HARD,38.0,17.921,38.757,32.972,89.65
10,GAS,53.0,HARD,39.0,17.922,38.844,32.91,89.676
10,GAS,54.0,HARD,40.0,17.927,38.673,32.847,89.447
10,GAS,55.0,HARD,41.0,17.997,38.961,33.214,90.172
10,GAS,56.0,HARD,42.0,17.954,38.546,33.041,89.541
10,GAS,57.0,HARD,43.0,17.951,38.773,33.212,89.936
10,GAS,58.0,HARD,44.0,17.995,38.878,33.992,90.865
11,PER,1.0,MEDIUM,1.0,,,,
14,ALO,1.0,MEDIUM,2.0,,39.033,33.904,96.166
14,ALO,2.0,MEDIUM,3.0,18.092,49.898,42.166,110.156
14,ALO,3.0,MEDIUM,4.0,25.205,43.666,33.369,102.24
14,ALO,4.0,MEDIUM,5.0,18.033,37.944,33.457,89.434
14,ALO,5.0,MEDIUM,6.0,18.133,38.142,33.809,90.084
14,ALO,6.0,MEDIUM,7.0,18.04,38.164,33.625,89.829
14,ALO,7.0,MEDIUM,8.0,18.073,38.18,33.532,89.785
14,ALO,8.0,MEDIUM,9.0,17.995,38.276,33.761,90.032
14,ALO,9.0,MEDIUM,10.0,18.045,38.451,33.589,90.085
14,ALO,10.0,MEDIUM,11.0,18.508,39.164,34.036,91.708
14,ALO,11.0,MEDIUM,12.0,18.059,39.297,33.732,91.088
14,ALO,12.0,MEDIUM,13.0,18.088,39.385,34.348,91.821
14,ALO,13.0,MEDIUM,14.0,18.278,39.496,35.47,93.244
14,ALO,14.0,HARD,2.0,39.633,38.833,33.326,111.792
14,ALO,15.0,HARD,3.0,17.967,38.697,33.092,89.756
14,ALO,16.0,HARD,4.0,17.889,38.901,33.117,89.907
14,ALO,17.0,HARD,5.0,17.906,38.817,33.169,89.892
14,ALO,18.0,HARD,6.0,17.763,38.742,33.06,89.565
14,ALO,19.0,HARD,7.0,17.833,38.714,33.161,89.708
14,ALO,20.0,HARD,8.0,18.049,38.813,33.225,90.087
14,ALO,21.0,HARD,9.0,17.904,38.848,33.381,90.133
14,ALO,22.0,HARD,10.0,17.918,38.488,33.772,90.178
14,ALO,23.0,HARD,11.0,17.898,38.825,33.14,89.863
14,ALO,24.0,HARD,12.0,17.944,38.694,33.014,89.652
14,ALO,25.0,HARD,13.0,17.926,38.759,33.117,89.802
14,ALO,26.0,HARD,14.0,17.898,38.78,33.077,89.755
14,ALO,27.0,HARD,15.0,17.86,38.775,33.083,89.718
14,ALO,28.0,HARD,16.0,17.907,38.831,32.934,89.672
14,ALO,29.0,HARD,17.0,17.872,38.734,33.222,89.828
14,ALO,30.0,HARD,18.0,17.888,38.902,33.11,89.9
14,ALO,31.0,HARD,19.0,17.882,38.914,33.078,89.874
14,ALO,32.0,HARD,20.0,17.867,39.024,33.095,89.986
14,ALO,33.0,HARD,21.0,17.899,38.814,33.126,89.839
14,ALO,34.0,HARD,22.0,17.871,38.86,32.919,89.65
14,ALO,35.0,HARD,23.0,18.004,38.717,33.504,90.225
14,ALO,36.0,HARD,24.0,18.061,38.73,33.628,90.419
14,ALO,37.0,HARD,25.0,17.993,38.837,35.169,91.999
14,ALO,38.0,HARD,2.0,38.235,38.532,32.862,109.629
14,ALO,39.0,HARD,3.0,17.858,38.185,32.692,88.735
14,ALO,40.0,HARD,4.0,17.809,38.48,32.648,88.937
14,ALO,41.0,HARD,5.0,17.708,38.236,32.458,88.402
14,ALO,42.0,HARD,6.0,17.624,38.239,32.516,88.379
14,ALO,43.0,HARD,7.0,17.747,38.28,32.702,88.729
14,ALO,44.0,HARD,8.0,17.631,37.904,33.531,89.066
14,ALO,45.0,HARD,9.0,17.685,38.043,32.51,88.238
14,ALO,46.0,HARD,10.0,17.706,38.502,32.375,88.583
14,ALO,47.0,HARD,11.0,17.628,38.302,32.301,88.231
14,ALO,48.0,HARD,12.0,17.589,38.155,32.253,87.997
14,ALO,49.0,HARD,13.0,17.634,38.312,32.426,88.372
14,ALO,50.0,HARD,14.0,17.667,38.378,32.664,88.709
14,ALO,51.0,HARD,15.0,17.652,37.856,32.44,87.948
14,ALO,52.0,HARD,16.0,17.603,38.349,32.325,88.277
14,ALO,53.0,HARD,17.0,17.64,38.331,32.26,88.231
14,ALO,54.0,HARD,18.0,17.601,38.391,32.222,88.214
14,ALO,55.0,HARD,19.0,17.563,38.358,32.36,88.281
14,ALO,56.0,HARD,20.0,17.602,38.322,32.352,88.276
14,ALO,57.0,HARD,21.0,17.492,38.724,32.721,88.937
14,ALO,58.0,HARD,22.0,17.619,38.418,32.584,88.621
16,LEC,1.0,MEDIUM,1.0,,39.256,34.12,97.644
16,LEC,2.0,MEDIUM,2.0,18.302,51.223,43.488,113.013
16,LEC,3.0,MEDIUM,3.0,23.997,42.263,33.396,99.656
16,LEC,4.0,MEDIUM,4.0,18.001,38.23,33.042,89.273
16,LEC,5.0,MEDIUM,5.0,18.127,37.745,33.881,89.753
16,LEC,6.0,MEDIUM,6.0,18.229,38.128,33.64,89.997
16,LEC,7.0,MEDIUM,7.0,17.992,38.227,33.319,89.538
16,LEC,8.0,MEDIUM,8.0,17.962,38.543,33.279,89.784
16,LEC,9.0,MEDIUM,9.0,18.002,37.966,33.945,89.913
16,LEC,10.0,MEDIUM,10.0,18.081,38.411,33.516,90.008
16,LEC,11.0,MEDIUM,11.0,17.988,38.41,33.87,90.268
16,LEC,12.0,MEDIUM,12.0,18.119,38.111,33.277,89.507
16,LEC,13.0,MEDIUM,13.0,18.039,38.639,33.156,89.834
16,LEC,14.0,MEDIUM,14.0,17.978,38.395,33.143,89.516
16,LEC,15.0,MEDIUM,15.0,17.975,38.553,33.147,89.675
16,LEC,16.0,MEDIUM,16.0,18.072,38.527,33.221,89.82
16,LEC,17.0,MEDIUM,17.0,17.992,38.163,33.415,89.57
16,LEC,18.0,MEDIUM,18.0,18.069,38.299,33.473,89.841
16,LEC,19.0,MEDIUM,19.0,17.998,38.297,33.787,90.082
16,LEC,20.0,MEDIUM,20.0,18.119,38.944,35.126,92.189
16,LEC,21.0,HARD,1.0,38.081,38.116,32.465,108.662
16,LEC,22.0,HARD,2.0,18.073,38.235,33.494,89.802
16,LEC,23.0,HARD,3.0,18.219,38.362,33.856,90.437
16,LEC,24.0,HARD,4.0,17.942,38.306,32.937,89.185
16,LEC,25.0,HARD,5.0,18.043,38.265,32.604,88.912
16,LEC,26.0,HARD,6.0,18.028,38.476,32.58,89.084
16,LEC,27.0,HARD,7.0,18.018,38.317,32.538,88.873
16,LEC,28.0,HARD,8.0,17.846,38.206,32.391,88.443
16,LEC,29.0,HARD,9.0,17.854,38.248,32.458,88.56
16,LEC,30.0,HARD,10.0,17.877,38.19,32.542,88.609
16,LEC,31.0,HARD,11.0,17.838,38.154,32.493,88.485
16,LEC,32.0,HARD,12.0,17.913,38.139,32.484,88.536
16,LEC,33.0,HARD,13.0,17.771,38.154,32.593,88.518
16,LEC,34.0,HARD,14.0,17.808,38.154,32.574,88.536
16,LEC,35.0,HARD,15.0,17.837,38.122,32.353,88.312
16,LEC,36.0,HARD,16.0,17.73,38.133,32.227,88.09
16,LEC,37.0,HARD,17.0,17.701,38.181,32.423,88.305
16,LEC,38.0,HARD,18.0,17.705,38.066,32.418,88.189
16,LEC,39.0,HARD,19.0,17.718,38.035,32.382,88.135
16,LEC,40.0,HARD,20.0,17.796,38.191,32.578,88.565
16,LEC,41.0,HARD,21.0,17.734,38.135,32.534,88.403
16,LEC,42.0,HARD,22.0,17.77,38.181,32.539,88.49
16,LEC,43.0,HARD,23.0,17.752,38.192,32.627,88.571
16,LEC,44.0,HARD,24.0,17.835,38.121,32.787,88.743
16,LEC,45.0,HARD,25.0,17.77,38.035,32.507,88.312
16,LEC,46.0,HARD,26.0,17.733,38.142,32.428,88.303
16,LEC,47.0,HARD,27.0,17.727,38.03,32.495,88.252
16,LEC,48.0,HARD,28.0,17.704,38.064,32.403,88.171
16,LEC,49.0,HARD,29.0,17.738,38.208,32.414,88.36
16,LEC,50.0,HARD,30.0,17.727,38.051,32.435,88.213
16,LEC,51.0,HARD,31.0,17.701,37.994,32.323,88.018
16,LEC,52.0,HARD,32.0,17.814,38.143,32.498,88.455
16,LEC,53.0,HARD,33.0,17.832,38.084,32.602,88.518
16,LEC,54.0,HARD,34.0,17.789,38.122,32.559,88.47
16,LEC,55.0,HARD,35.0,17.828,38.129,32.43,88.387
16,LEC,56.0,HARD,36.0,17.8,37.988,32.432,88.22
16,LEC,57.0,HARD,37.0,17.723,38.093,32.48,88.296
16,LEC,58.0,HARD,38.0,18.055,38.575,33.288,89.918
18,STR,1.0,MEDIUM,2.0,,39.923,34.224,98.324
18,STR,2.0,MEDIUM,3.0,18.256,51.62,43.48,113.356
18,STR,3.0,MEDIUM,4.0,23.893,42.109,33.523,99.525
18,STR,4.0,MEDIUM,5.0,18.154,38.266,33.265,89.685
18,STR,5.0,MEDIUM,6.0,18.185,38.597,33.268,90.05
18,STR,6.0,MEDIUM,7.0,18.157,38.693,34.269,91.119
18,STR,7.0,MEDIUM,8.0,18.118,38.264,33.808,90.19
18,STR,8.0,MEDIUM,9.0,18.1,38.826,33.541,90.467
18,STR,9.0,MEDIUM,10.0,18.058,38.929,33.518,90.505
18,STR,10.0,MEDIUM,11.0,18.124,39.027,33.685,90.836
18,STR,11.0,MEDIUM,12.0,18.134,39.091,35.629,92.854
18,STR,12.0,HARD,2.0,39.603,38.922,33.16,111.685
18,STR,13.0,HARD,3.0,17.852,38.765,33.263,89.88
18,STR,14.0,HARD,4.0,17.905,38.682,33.957,90.544
18,STR,15.0,HARD,5.0,17.991,38.271,33.701,89.963
18,STR,16.0,HARD,6.0,18.001,38.279,33.752,90.032
18,STR,17.0,HARD,7.0,17.95,38.129,33.693,89.772
18,STR,18.0,HARD,8.0,17.996,38.137,33.611,89.744
18,STR,19.0,HARD,9.0,18.043,38.219,33.812,90.074
18,STR,20.0,HARD,10.0,18.031,38.334,34.01,90.375
18,STR,21.0,HARD,11.0,17.999,38.824,33.525,90.348
18,STR,22.0,HARD,12.0,17.987,38.815,33.574,90.376
18,STR,23.0,HARD,13.0,18.006,38.853,33.438,90.297
18,STR,24.0,HARD,14.0,18.036,38.82,33.569,90.425
18,STR,25.0,HARD,15.0,18.051,38.787,33.402,90.24
18,STR,26.0,HARD,16.0,17.968,38.962,33.255,90.185
18,STR,27.0,HARD,17.0,17.999,38.91,33.254,90.163
18,STR,28.0,HARD,18.0,17.999,38.859,33.462,90.32
18,STR,29.0,HARD,19.0,17.958,38.869,33.335,90.162
18,STR,30.0,HARD,20.0,17.959,38.796,33.375,90.13
18,STR,31.0,HARD,21.0,17.944,38.801,33.951,90.696
18,STR,32.0,HARD,22.0,18.014,38.791,35.423,92.228
18,STR,33.0,HARD,1.0,38.245,38.619,33.183,110.047
18,STR,34.0,HARD,2.0,17.98,38.4,33.209,89.589
18,STR,35.0,HARD,3.0,17.981,38.333,33.084,89.398
18,STR,36.0,HARD,4.0,17.9,38.113,32.84,88.853
18,STR,37.0,HARD,5.0,17.774,38.282,32.742,88.798
18,STR,38.0,HARD,6.0,17.742,38.661,33.474,89.877
18,STR,39.0,HARD,7.0,17.795,38.433,33.225,89.453
18,STR,40.0,HARD,8.0,17.891,38.17,32.976,89.037
18,STR,41.0,HARD,9.0,17.717,38.511,32.767,88.995
18,STR,42.0,HARD,10.0,17.672,38.277,32.655,88.604
18,STR,43.0,HARD,11.0,17.716,38.42,32.668,88.804
18,STR,44.0,HARD,12.0,17.704,38.288,32.739,88.731
18,STR,45.0,HARD,13.0,17.676,38.268,32.833,88.777
18,STR,46.0,HARD,14.0,17.749,38.429,32.828,89.006
18,STR,47.0,HARD,15.0,17.652,38.361,32.781,88.794
18,STR,48.0,HARD,16.0,17.652,38.277,32.902,88.831
18,STR,49.0,HARD,17.0,19.175,38.016,33.222,90.413
18,STR,50.0,HARD,18.0,17.655,38.065,33.524,89.244
18,STR,51.0,HARD,19.0,17.748,38.235,33.864,89.847
18,STR,52.0,HARD,20.0,17.852,39.225,33.868,90.945
18,STR,53.0,HARD,21.0,17.663,38.308,33.554,89.525
18,STR,54.0,HARD,22.0,17.846,37.915,33.807,89.568
18,STR,55.0,HARD,23.0,17.769,37.734,33.115,88.618
18,STR,56.0,HARD,24.0,17.731,38.536,32.859,89.126
18,STR,57.0,HARD,25.0,17.725,38.576,33.033,89.334
20,MAG,1.0,MEDIUM,1.0,,39.324,33.784,96.949
20,MAG,2.0,MEDIUM,2.0,18.239,50.194,41.764,110.197
20,MAG,3.0,MEDIUM,3.0,25.005,44.014,33.264,102.283
20,MAG,4.0,MEDIUM,4.0,17.916,37.544,33.742,89.202
20,MAG,5.0,MEDIUM,5.0,18.157,37.959,33.924,90.04
20,MAG,6.0,MEDIUM,6.0,18.106,38.01,34.07,90.186
20,MAG,7.0,MEDIUM,7.0,18.176,38.962,33.94,91.078
20,MAG,8.0,MEDIUM,8.0,18.19,38.588,33.645,90.423
20,MAG,9.0,MEDIUM,9.0,18.098,38.704,34.287,91.089
20,MAG,10.0,MEDIUM,10.0,18.287,38.823,33.925,91.035
20,MAG,11.0,MEDIUM,11.0,18.279,38.896,33.768,90.943
20,MAG,12.0,MEDIUM,12.0,18.096,38.759,35.71,92.565
20,MAG,13.0,HARD,1.0,42.253,37.98,33.64,113.873
20,MAG,14.0,HARD,2.0,18.191,37.686,33.949,89.826
20,MAG,15.0,HARD,3.0,18.155,37.919,33.825,89.899
20,MAG,16.0,HARD,4.0,17.945,38.172,33.897,90.014
20,MAG,17.0,HARD,5.0,18.089,38.025,33.827,89.941
20,MAG,18.0,HARD,6.0,17.963,38.083,33.791,89.837
20,MAG,19.0,HARD,7.0,18.037,38.163,33.841,90.041
20,MAG,20.0,HARD,8.0,18.529,38.751,33.539,90.819
20,MAG,21.0,HARD,9.0,17.954,38.348,33.723,90.025
20,MAG,22.0,HARD,10.0,17.989,38.198,34.063,90.25
20,MAG,23.0,HARD,11.0,18.166,38.179,33.948,90.293
20,MAG,24.0,HARD,12.0,18.096,38.296,33.96,90.352
20,MAG,25.0,HARD,13.0,18.047,38.444,33.927,90.418
20,MAG,26.0,HARD,14.0,18.091,38.57,33.853,90.514
20,MAG,27.0,HARD,15.0,18.022,38.868,33.733,90.623
20,MAG,28.0,HARD,16.0,18.021,38.702,33.697,90.42
20,MAG,29.0,HARD,17.0,18.062,38.63,35.157,91.849
20,MAG,30.0,HARD,1.0,37.599,45.668,38.713,121.98
20,MAG,31.0,SOFT,1.0,39.105,39.307,33.956,112.368
20,MAG,32.0,SOFT,2.0,17.615,37.543,32.077,87.235
20,MAG,33.0,SOFT,3.0,17.886,38.109,33.18,89.175
20,MAG,34.0,SOFT,4.0,17.932,38.402,33.123,89.457
20,MAG,35.0,SOFT,5.0,17.798,38.308,33.276,89.382
20,MAG,36.0,SOFT,6.0,17.897,38.338,32.941,89.176
20,MAG,37.0,SOFT,7.0,17.814,38.447,32.735,88.996
20,MAG,38.0,SOFT,8.0,17.796,38.248,32.611,88.655
20,MAG,39.0,SOFT,9.0,17.746,38.298,32.798,88.842
20,MAG,40.0,SOFT,10.0,17.708,38.396,32.813,88.917
20,MAG,41.0,SOFT,11.0,17.692,38.315,32.63,88.637
20,MAG,42.0,SOFT,12.0,17.735,38.469,32.882,89.086
20,MAG,43.0,SOFT,13.0,17.752,38.32,32.818,88.89
20,MAG,44.0,SOFT,14.0,17.807,38.389,34.935,91.131
20,MAG,45.0,SOFT,15.0,18.107,38.502,33.023,89.632
20,MAG,46.0,SOFT,16.0,17.844,38.51,33.306,89.66
20,MAG,47.0,SOFT,17.0,19.471,38.017,33.353,90.841
20,MAG,48.0,SOFT,18.0,17.956,38.613,33.46,90.029
20,MAG,49.0,SOFT,19.0,18.062,38.797,33.473,90.332
20,MAG,50.0,SOFT,20.0,18.032,39.469,33.609,91.11
20,MAG,51.0,SOFT,21.0,17.95,38.758,33.335,90.043
20,MAG,52.0,SOFT,22.0,17.916,39.001,33.405,90.322
20,MAG,53.0,SOFT,23.0,17.957,38.729,33.529,90.215
20,MAG,54.0,SOFT,24.0,17.96,39.408,33.836,91.204
20,MAG,55.0,SOFT,25.0,17.916,38.426,35.616,91.958
20,MAG,56.0,SOFT,4.0,39.271,41.485,32.238,112.994
20,MAG,57.0,SOFT,5.0,17.257,37.109,31.271,85.637
22,TSU,1.0,MEDIUM,1.0,,40.017,36.49,102.007
22,TSU,2.0,MEDIUM,2.0,18.659,58.681,44.252,121.592
22,TSU,3.0,MEDIUM,3.0,19.429,41.978,33.414,94.821
22,TSU,4.0,MEDIUM,4.0,18.002,38.627,33.486,90.115
22,TSU,5.0,MEDIUM,5.0,18.218,38.638,33.487,90.343
22,TSU,6.0,MEDIUM,6.0,18.261,38.808,33.678,90.747
22,TSU,7.0,MEDIUM,7.0,18.231,38.715,33.49,90.436
22,TSU,8.0,MEDIUM,8.0,18.111,38.656,33.625,90.392
22,TSU,9.0,MEDIUM,9.0,18.183,38.865,33.608,90.656
22,TSU,10.0,MEDIUM,10.0,18.238,38.968,33.584,90.79
22,TSU,11.0,MEDIUM,11.0,18.212,38.955,33.668,90.835
22,TSU,12.0,MEDIUM,12.0,18.078,38.893,33.704,90.675
22,TSU,13.0,MEDIUM,13.0,18.134,39.044,33.549,90.727
22,TSU,14.0,MEDIUM,14.0,18.169,39.112,33.635,90.916
22,TSU,15.0,MEDIUM,15.0,18.171,38.966,33.549,90.686
22,TSU,16.0,MEDIUM,16.0,18.207,38.944,33.563,90.714
22,TSU,17.0,MEDIUM,17.0,18.168,39.094,34.741,92.003
22,TSU,18.0,MEDIUM,18.0,18.244,39.219,33.733,91.196
22,TSU,19.0,MEDIUM,19.0,18.214,39.106,34.361,91.681
22,TSU,20.0,MEDIUM,20.0,18.401,39.068,33.796,91.265
22,TSU,21.0,MEDIUM,21.0,18.209,39.212,33.797,91.218
22,TSU,22.0,MEDIUM,22.0,18.237,39.056,35.304,92.597
22,TSU,23.0,HARD,1.0,38.416,38.81,33.097,110.323
22,TSU,24.0,HARD,2.0,18.085,38.521,33.299,89.905
22,TSU,25.0,HARD,3.0,18.073,38.632,33.206,89.911
22,TSU,26.0,HARD,4.0,18.051,38.658,33.154,89.863
22,TSU,27.0,HARD,5.0,18.025,38.766,32.912,89.703
22,TSU,28.0,HARD,6.0,17.995,38.724,33.056,89.775
22,TSU,29.0,HARD,7.0,17.941,38.66,32.981,89.582
22,TSU,30.0,HARD,8.0,17.962,38.585,32.964,89.511
22,TSU,31.0,HARD,9.0,17.952,38.737,33.068,89.757
22,TSU,32.0,HARD,10.0,17.973,38.733,33.198,89.904
22,TSU,33.0,HARD,11.0,17.952,38.78,33.009,89.741
22,TSU,34.0,HARD,12.0,17.943,38.64,32.983,89.566
22,TSU,35.0,HARD,13.0,18.029,38.593,32.868,89.49
22,TSU,36.0,HARD,14.0,17.956,38.508,32.871,89.335
22,TSU,37.0,HARD,15.0,17.91,38.686,33.03,89.626
22,TSU,38.0,HARD,16.0,17.998,38.551,32.913,89.462
22,TSU,39.0,HARD,17.0,17.854,38.526,32.88,89.26
22,TSU,40.0,HARD,18.0,17.875,38.622,33.07,89.567
22,TSU,41.0,HARD,19.0,17.931,38.438,32.831,89.2
22,TSU,42.0,HARD,20.0,17.892,38.362,33.094,89.348
22,TSU,43.0,HARD,21.0,17.93,38.483,32.999,89.412
22,TSU,44.0,HARD,22.0,17.903,38.398,33.131,89.432
22,TSU,45.0,HARD,23.0,17.823,38.845,33.889,90.557
22,TSU,46.0,HARD,24.0,18.007,38.531,33.262,89.8
22,TSU,47.0,HARD,25.0,17.953,38.401,33.151,89.505
22,TSU,48.0,HARD,26.0,17.942,38.45,34.047,90.439
22,TSU,49.0,HARD,27.0,17.998,38.48,33.193,89.671
22,TSU,50.0,HARD,28.0,18.995,38.571,33.525,91.091
22,TSU,51.0,HARD,29.0,17.853,38.596,33.323,89.772
22,TSU,52.0,HARD,30.0,17.895,38.44,32.973,89.308
22,TSU,53.0,HARD,31.0,19.015,38.438,33.59,91.043
22,TSU,54.0,HARD,32.0,17.917,38.529,33.097,89.543
22,TSU,55.0,HARD,33.0,17.844,38.499,33.912,90.255
22,TSU,56.0,HARD,34.0,17.916,37.943,33.57,89.429
22,TSU,57.0,HARD,35.0,17.791,38.426,33.314,89.531
23,ALB,1.0,MEDIUM,1.0,,40.443,35.86,101.19
23,ALB,2.0,MEDIUM,2.0,18.394,56.603,45.194,120.191
23,ALB,3.0,MEDIUM,3.0,19.929,42.24,33.607,95.776
23,ALB,4.0,MEDIUM,4.0,18.099,37.915,34.046,90.06
23,ALB,5.0,MEDIUM,5.0,18.232,37.968,34.169,90.369
23,ALB,6.0,MEDIUM,6.0,18.319,38.131,34.365,90.815
23,ALB,7.0,MEDIUM,7.0,18.202,38.655,33.46,90.317
23,ALB,8.0,MEDIUM,8.0,18.155,38.72,33.83,90.705
23,ALB,9.0,MEDIUM,9.0,18.043,38.698,33.728,90.469
23,ALB,10.0,MEDIUM,10.0,18.169,38.859,33.72,90.748
23,ALB,11.0,MEDIUM,11.0,18.239,38.775,33.744,90.758
23,ALB,12.0,MEDIUM,12.0,18.196,38.854,35.151,92.201
23,ALB,13.0,HARD,1.0,39.026,37.768,33.179,109.973
23,ALB,14.0,HARD,2.0,18.097,38.464,33.336,89.897
23,ALB,15.0,HARD,3.0,18.093,38.42,33.481,89.994
23,ALB,16.0,HARD,4.0,18.071,38.364,33.492,89.927
23,ALB,17.0,HARD,5.0,18.125,38.301,33.285,89.711
23,ALB,18.0,HARD,6.0,18.181,38.367,33.306,89.854
23,ALB,19.0,HARD,7.0,18.172,38.465,33.375,90.012
23,ALB,20.0,HARD,8.0,18.191,38.522,33.47,90.183
23,ALB,21.0,HARD,9.0,18.196,38.531,33.503,90.23
23,ALB,22.0,HARD,10.0,18.122,38.63,33.431,90.183
23,ALB,23.0,HARD,11.0,18.118,38.441,33.428,89.987
23,ALB,24.0,HARD,12.0,18.096,38.402,33.492,89.99
23,ALB,25.0,HARD,13.0,18.086,38.491,33.518,90.095
23,ALB,26.0,HARD,14.0,18.172,38.551,33.474,90.197
23,ALB,27.0,HARD,15.0,18.125,38.646,33.555,90.326
23,ALB,28.0,HARD,16.0,18.069,38.475,33.514,90.058
23,ALB,29.0,HARD,17.0,18.011,38.49,33.581,90.082
23,ALB,30.0,HARD,18.0,17.941,38.451,33.443,89.835
23,ALB,31.0,HARD,19.0,18.075,38.544,33.489,90.108
23,ALB,32.0,HARD,20.0,18.053,38.506,33.278,89.837
23,ALB,33.0,HARD,21.0,17.89,38.55,33.272,89.712
23,ALB,34.0,HARD,22.0,18.024,38.652,33.092,89.768
23,ALB,35.0,HARD,23.0,17.997,38.62,33.066,89.683
23,ALB,36.0,HARD,24.0,17.998,38.481,33.06,89.539
23,ALB,37.0,HARD,25.0,17.965,38.521,33.09,89.576
23,ALB,38.0,HARD,26.0,18.011,38.431,33.147,89.589
23,ALB,39.0,HARD,27.0,17.956,38.419,33.161,89.536
23,ALB,40.0,HARD,28.0,17.996,38.439,33.114,89.549
23,ALB,41.0,HARD,29.0,18.015,38.45,33.006,89.471
23,ALB,42.0,HARD,30.0,18.058,38.444,33.113,89.615
23,ALB,43.0,HARD,31.0,17.965,38.595,33.136,89.696
23,ALB,44.0,HARD,32.0,18.111,38.459,33.052,89.622
23,ALB,45.0,HARD,33.0,18.011,38.475,32.989,89.475
23,ALB,46.0,HARD,34.0,18.031,38.37,33.037,89.438
23,ALB,47.0,HARD,35.0,17.992,38.497,32.982,89.471
23,ALB,48.0,HARD,36.0,18.086,38.793,33.179,90.058
23,ALB,49.0,HARD,37.0,18.086,38.758,33.1,89.944
23,ALB,50.0,HARD,38.0,18.057,38.528,33.114,89.699
23,ALB,51.0,HARD,39.0,18.147,38.786,34.04,90.973
23,ALB,52.0,HARD,40.0,18.097,38.626,33.413,90.136
23,ALB,53.0,HARD,41.0,18.088,39.07,34.054,91.212
23,ALB,54.0,HARD,42.0,19.15,38.894,33.485,91.529
23,ALB,55.0,HARD,43.0,18.148,38.645,33.613,90.406
23,ALB,56.0,HARD,44.0,18.158,39.729,34.022,91.909
23,ALB,57.0,HARD,45.0,18.236,38.929,33.693,90.858
24,ZHO,1.0,MEDIUM,1.0,,40.332,35.519,100.718
24,ZHO,2.0,MEDIUM,2.0,18.496,56.573,44.758,119.827
24,ZHO,3.0,MEDIUM,3.0,20.317,42.007,33.603,95.927
24,ZHO,4.0,MEDIUM,4.0,18.085,38.041,33.84,89.966
24,ZHO,5.0,MEDIUM,5.0,18.145,38.285,34.032,90.462
24,ZHO,6.0,MEDIUM,6.0,18.202,38.322,33.39,89.914
24,ZHO,7.0,MEDIUM,7.0,18.277,38.979,33.285,90.541
24,ZHO,8.0,MEDIUM,8.0,18.151,38.658,33.489,90.298
24,ZHO,9.0,MEDIUM,9.0,18.215,38.803,33.402,90.42
24,ZHO,10.0,MEDIUM,10.0,18.231,38.861,33.431,90.523
24,ZHO,11.0,MEDIUM,11.0,18.291,39.012,33.505,90.808
24,ZHO,12.0,MEDIUM,12.0,18.315,39.029,35.519,92.863
24,ZHO,13.0,HARD,1.0,39.95,38.492,33.887,112.329
24,ZHO,14.0,HARD,2.0,18.17,38.64,33.318,90.128
24,ZHO,15.0,HARD,3.0,18.285,38.502,33.299,90.086
24,ZHO,16.0,HARD,4.0,18.199,38.613,33.324,90.136
24,ZHO,17.0,HARD,5.0,18.123,38.718,33.423,90.264
24,ZHO,18.0,HARD,6.0,18.108,38.779,33.153,90.04
24,ZHO,19.0,HARD,7.0,18.098,38.734,33.185,90.017
24,ZHO,20.0,HARD,8.0,18.043,38.691,33.25,89.984
24,ZHO,21.0,HARD,9.0,17.983,38.754,33.191,89.928
24,ZHO,22.0,HARD,10.0,18.052,38.849,33.397,90.298
24,ZHO,23.0,HARD,11.0,18.026,38.764,33.156,89.946
24,ZHO,24.0,HARD,12.0,17.974,38.723,33.238,89.935
24,ZHO,25.0,HARD,13.0,18.136,38.897,33.277,90.31
24,ZHO,26.0,HARD,14.0,18.027,38.793,33.306,90.126
24,ZHO,27.0,HARD,15.0,18.019,38.874,33.345,90.238
24,ZHO,28.0,HARD,16.0,18.182,38.63,33.336,90.148
24,ZHO,29.0,HARD,17.0,18.172,38.718,33.354,90.244
24,ZHO,30.0,HARD,18.0,18.136,38.901,33.204,90.241
24,ZHO,31.0,HARD,19.0,18.199,38.994,33.416,90.609
24,ZHO,32.0,HARD,20.0,18.062,38.876,33.274,90.212
24,ZHO,33.0,HARD,21.0,18.006,38.831,33.177,90.014
24,ZHO,34.0,HARD,22.0,18.151,38.658,33.103,89.912
24,ZHO,35.0,HARD,23.0,17.946,38.826,33.062,89.834
24,ZHO,36.0,HARD,24.0,18.055,38.711,32.987,89.753
24,ZHO,37.0,HARD,25.0,18.03,38.71,32.968,89.708
24,ZHO,38.0,HARD,26.0,17.939,38.655,33.142,89.736
24,ZHO,39.0,HARD,27.0,17.953,38.678,35.119,91.75
24,ZHO,40.0,HARD,1.0,45.79,38.569,32.137,116.496
24,ZHO,41.0,HARD,2.0,17.8,38.179,32.276,88.255
24,ZHO,42.0,HARD,3.0,17.713,38.082,32.508,88.303
24,ZHO,43.0,HARD,4.0,17.722,38.293,32.675,88.69
24,ZHO,44.0,HARD,5.0,17.767,38.405,32.506,88.678
24,ZHO,45.0,HARD,6.0,17.703,38.486,32.5,88.689
24,ZHO,46.0,HARD,7.0,17.685,38.424,32.753,88.862
24,ZHO,47.0,HARD,8.0,17.74,38.361,32.581,88.682
24,ZHO,48.0,HARD,9.0,17.665,38.376,32.578,88.619
24,ZHO,49.0,HARD,10.0,17.662,38.492,32.942,89.096
24,ZHO,50.0,HARD,11.0,17.724,38.559,33.879,90.162
24,ZHO,51.0,HARD,12.0,17.906,38.362,32.464,88.732
24,ZHO,52.0,HARD,13.0,17.662,38.358,32.21,88.23
24,ZHO,53.0,HARD,14.0,17.58,38.443,32.46,88.483
24,ZHO,54.0,HARD,15.0,17.602,38.263,32.157,88.022
24,ZHO,55.0,HARD,16.0,17.665,38.29,32.092,88.047
24,ZHO,56.0,HARD,17.0,17.523,38.229,32.23,87.982
24,ZHO,57.0,HARD,18.0,17.625,38.25,32.499,88.374
27,HUL,1.0,MEDIUM,1.0,,38.87,33.531,95.498
27,HUL,2.0,MEDIUM,2.0,18.112,49.467,42.308,109.887
27,HUL,3.0,MEDIUM,3.0,25.438,43.771,33.48,102.689
27,HUL,4.0,MEDIUM,4.0,18.003,37.685,33.66,89.348
27,HUL,5.0,MEDIUM,5.0,17.97,38.261,33.737,89.968
27,HUL,6.0,MEDIUM,6.0,17.94,38.029,33.818,89.787
27,HUL,7.0,MEDIUM,7.0,18.026,38.053,33.681,89.76
27,HUL,8.0,MEDIUM,8.0,18.168,37.991,33.93,90.089
27,HUL,9.0,MEDIUM,9.0,17.974,38.205,33.78,89.959
27,HUL,10.0,MEDIUM,10.0,17.994,38.765,33.642,90.401
27,HUL,11.0,MEDIUM,11.0,18.168,38.952,33.624,90.744
27,HUL,12.0,MEDIUM,12.0,18.081,38.729,34.478,91.288
27,HUL,13.0,MEDIUM,13.0,18.235,38.955,35.3,92.49
27,HUL,14.0,HARD,1.0,37.781,38.604,33.264,109.649
27,HUL,15.0,HARD,2.0,18.26,38.396,33.13,89.786
27,HUL,16.0,HARD,3.0,18.248,38.565,33.172,89.985
27,HUL,17.0,HARD,4.0,18.119,37.897,33.136,89.152
27,HUL,18.0,HARD,5.0,18.047,38.458,33.301,89.806
27,HUL,19.0,HARD,6.0,18.035,38.247,33.214,89.496
27,HUL,20.0,HARD,7.0,18.117,38.549,33.206,89.872
27,HUL,21.0,HARD,8.0,17.992,38.508,33.391,89.891
27,HUL,22.0,HARD,9.0,18.067,38.822,33.211,90.1
27,HUL,23.0,HARD,10.0,18.195,38.396,33.396,89.987
27,HUL,24.0,HARD,11.0,18.018,38.528,33.46,90.006
27,HUL,25.0,HARD,12.0,18.112,38.686,33.315,90.113
27,HUL,26.0,HARD,13.0,18.063,38.462,33.19,89.715
27,HUL,27.0,HARD,14.0,18.041,38.429,33.338,89.808
27,HUL,28.0,HARD,15.0,17.938,38.518,33.116,89.572
27,HUL,29.0,HARD,16.0,18.052,38.58,33.152,89.784
27,HUL,30.0,HARD,17.0,17.784,38.403,33.135,89.322
27,HUL,31.0,HARD,18.0,17.981,38.638,33.108,89.727
27,HUL,32.0,HARD,19.0,18.081,38.444,33.151,89.676
27,HUL,33.0,HARD,20.0,17.896,38.412,33.023,89.331
27,HUL,34.0,HARD,21.0,18.004,38.529,33.002,89.535
27,HUL,35.0,HARD,22.0,17.916,38.486,32.956,89.358
27,HUL,36.0,HARD,23.0,17.982,38.412,33.063,89.457
27,HUL,37.0,HARD,24.0,17.959,38.298,33.02,89.277
27,HUL,38.0,HARD,25.0,17.973,38.611,33.098,89.682
27,HUL,39.0,HARD,26.0,17.948,38.2,33.086,89.234
27,HUL,40.0,HARD,27.0,17.967,38.978,33.459,90.404
27,HUL,41.0,HARD,28.0,17.939,38.41,33.067,89.416
27,HUL,42.0,HARD,29.0,17.902,38.407,33.07,89.379
27,HUL,43.0,HARD,30.0,17.945,38.923,33.602,90.47
27,HUL,44.0,HARD,31.0,18.089,38.436,33.07,89.595
27,HUL,45.0,HARD,32.0,17.965,38.623,33.168,89.756
27,HUL,46.0,HARD,33.0,18.003,38.562,33.027,89.592
27,HUL,47.0,HARD,34.0,18.01,38.341,32.98,89.331
27,HUL,48.0,HARD,35.0,17.938,38.5,33.135,89.573
27,HUL,49.0,HARD,36.0,17.908,38.35,33.101,89.359
27,HUL,50.0,HARD,37.0,17.933,38.552,33.11,89.595
27,HUL,51.0,HARD,38.0,17.99,38.495,32.963,89.448
27,HUL,52.0,HARD,39.0,17.92,38.474,33.124,89.518
27,HUL,53.0,HARD,40.0,18.035,38.626,33.446,90.107
27,HUL,54.0,HARD,41.0,18.065,38.531,33.223,89.819
27,HUL,55.0,HARD,42.0,18.074,38.623,33.242,89.939
27,HUL,56.0,HARD,43.0,18.1,38.656,33.235,89.991
27,HUL,57.0,HARD,44.0,18.014,38.818,33.452,90.284
27,HUL,58.0,HARD,45.0,18.096,38.63,33.314,90.04
30,LAW,1.0,MEDIUM,1.0,,40.18,34.909,99.017
30,LAW,2.0,MEDIUM,2.0,18.375,52.882,42.891,114.148
30,LAW,3.0,MEDIUM,3.0,23.719,42.925,33.68,100.324
30,LAW,4.0,MEDIUM,4.0,18.206,38.231,33.301,89.738
30,LAW,5.0,MEDIUM,5.0,18.134,38.33,33.405,89.869
30,LAW,6.0,MEDIUM,6.0,18.187,38.696,33.68,90.563
30,LAW,7.0,MEDIUM,7.0,18.143,38.584,33.537,90.264
30,LAW,8.0,MEDIUM,8.0,18.05,38.81,33.485,90.345
30,LAW,9.0,MEDIUM,9.0,17.998,38.777,33.528,90.303
30,LAW,10.0,MEDIUM,10.0,18.14,38.742,33.877,90.759
30,LAW,11.0,MEDIUM,11.0,18.111,38.955,33.923,90.989
30,LAW,12.0,MEDIUM,12.0,18.114,39.008,34.765,91.887
30,LAW,13.0,MEDIUM,13.0,18.329,39.245,33.66,91.234
30,LAW,14.0,MEDIUM,14.0,18.205,38.946,33.644,90.795
30,LAW,15.0,MEDIUM,15.0,18.086,38.977,33.397,90.46
30,LAW,16.0,MEDIUM,16.0,18.108,39.028,33.484,90.62
30,LAW,17.0,MEDIUM,17.0,18.094,38.994,33.468,90.556
30,LAW,18.0,MEDIUM,18.0,18.091,39.156,33.476,90.723
30,LAW,19.0,MEDIUM,19.0,18.14,39.136,33.62,90.896
30,LAW,20.0,MEDIUM,20.0,18.133,39.015,33.577,90.725
30,LAW,21.0,MEDIUM,21.0,18.238,38.962,33.596,90.796
30,LAW,22.0,MEDIUM,22.0,18.228,39.106,33.833,91.167
30,LAW,23.0,MEDIUM,23.0,18.232,39.472,36.793,94.497
30,LAW,24.0,HARD,1.0,40.076,39.495,36.896,116.467
30,LAW,25.0,HARD,2.0,38.859,38.538,33.135,110.532
30,LAW,26.0,HARD,3.0,18.066,38.635,32.91,89.611
30,LAW,27.0,HARD,4.0,17.951,38.737,32.949,89.637
30,LAW,28.0,HARD,5.0,17.982,38.63,32.973,89.585
30,LAW,29.0,HARD,6.0,17.998,38.478,35.846,92.322
30,LAW,30.0,HARD,7.0,49.575,39.574,34.264,123.413
30,LAW,31.0,HARD,8.0,18.037,38.578,32.984,89.599
30,LAW,32.0,HARD,9.0,17.923,38.711,32.8,89.434
30,LAW,33.0,HARD,10.0,17.886,38.55,32.814,89.25
30,LAW,34.0,HARD,11.0,17.942,38.547,32.826,89.315
30,LAW,35.0,HARD,12.0,17.897,38.493,32.753,89.143
30,LAW,36.0,HARD,13.0,17.929,38.558,32.82,89.307
30,LAW,37.0,HARD,14.0,17.907,38.624,33.031,89.562
30,LAW,38.0,HARD,15.0,17.965,38.518,33.009,89.492
30,LAW,39.0,HARD,16.0,17.889,38.659,32.911,89.459
30,LAW,40.0,HARD,17.0,17.915,38.581,32.699,89.195
30,LAW,41.0,HARD,18.0,17.913,38.439,32.727,89.079
30,LAW,42.0,HARD,19.0,17.856,38.412,32.726,88.994
30,LAW,43.0,HARD,20.0,17.865,39.452,34.099,91.416
30,LAW,44.0,HARD,21.0,17.854,38.512,32.931,89.297
30,LAW,45.0,HARD,22.0,17.881,38.488,32.819,89.188
30,LAW,46.0,HARD,23.0,17.882,38.514,32.652,89.048
30,LAW,47.0,HARD,24.0,17.823,39.807,33.786,91.416
30,LAW,48.0,HARD,25.0,17.921,38.653,33.013,89.587
30,LAW,49.0,HARD,26.0,17.962,38.593,33.003,89.558
30,LAW,50.0,HARD,27.0,17.784,38.393,32.674,88.851
30,LAW,51.0,HARD,28.0,17.831,38.505,32.624,88.96
30,LAW,52.0,HARD,29.0,17.756,38.418,32.577,88.751
30,LAW,53.0,HARD,30.0,17.802,38.484,32.517,88.803
30,LAW,54.0,HARD,31.0,17.771,38.508,32.54,88.819
30,LAW,55.0,HARD,32.0,17.839,38.633,32.712,89.184
30,LAW,56.0,HARD,33.0,,,,
4,NOR,1.0,MEDIUM,1.0,,38.405,32.676,91.142
4,NOR,2.0,MEDIUM,2.0,18.242,46.262,43.845,108.349
4,NOR,3.0,MEDIUM,3.0,25.352,45.077,32.884,103.313
4,NOR,4.0,MEDIUM,4.0,18.28,38.144,32.586,89.01
4,NOR,5.0,MEDIUM,5.0,18.253,38.234,32.617,89.104
4,NOR,6.0,MEDIUM,6.0,18.181,38.422,32.758,89.361
4,NOR,7.0,MEDIUM,7.0,18.094,38.34,32.59,89.024
4,NOR,8.0,MEDIUM,8.0,18.085,38.175,32.6,88.86
4,NOR,9.0,MEDIUM,9.0,18.111,38.26,32.636,89.007
4,NOR,10.0,MEDIUM,10.0,18.158,38.38,32.706,89.244
4,NOR,11.0,MEDIUM,11.0,18.06,38.418,32.65,89.128
4,NOR,12.0,MEDIUM,12.0,18.079,38.368,32.637,89.084
4,NOR,13.0,MEDIUM,13.0,17.957,38.52,32.795,89.272
4,NOR,14.0,MEDIUM,14.0,18.016,38.434,32.589,89.039
4,NOR,15.0,MEDIUM,15.0,18.002,38.456,32.612,89.07
4,NOR,16.0,MEDIUM,16.0,17.965,38.463,32.523,88.951
4,NOR,17.0,MEDIUM,17.0,18.002,38.429,32.524,88.955
4,NOR,18.0,MEDIUM,18.0,17.95,38.497,32.775,89.222
4,NOR,19.0,MEDIUM,19.0,17.983,38.496,32.66,89.139
4,NOR,20.0,MEDIUM,20.0,17.954,38.577,32.682,89.213
4,NOR,21.0,MEDIUM,21.0,17.928,38.495,32.71,89.133
4,NOR,22.0,MEDIUM,22.0,17.973,38.539,32.677,89.189
4,NOR,23.0,MEDIUM,23.0,17.982,38.491,32.789,89.262
4,NOR,24.0,MEDIUM,24.0,17.939,38.683,32.862,89.484
4,NOR,25.0,MEDIUM,25.0,17.968,38.535,32.707,89.21
4,NOR,26.0,MEDIUM,26.0,17.916,38.661,34.99,91.567
4,NOR,27.0,HARD,1.0,37.448,37.969,32.096,107.513
4,NOR,28.0,HARD,2.0,18.044,37.922,32.359,88.325
4,NOR,29.0,HARD,3.0,18.038,38.101,32.3,88.439
4,NOR,30.0,HARD,4.0,17.995,38.023,32.217,88.235
4,NOR,31.0,HARD,5.0,17.927,38.067,32.368,88.362
4,NOR,32.0,HARD,6.0,17.922,38.241,32.251,88.414
4,NOR,33.0,HARD,7.0,17.948,37.996,32.182,88.126
4,NOR,34.0,HARD,8.0,17.9,38.022,32.186,88.108
4,NOR,35.0,HARD,9.0,17.896,37.966,32.112,87.974
4,NOR,36.0,HARD,10.0,17.819,37.948,32.108,87.875
4,NOR,37.0,HARD,11.0,17.896,38.06,32.12,88.076
4,NOR,38.0,HARD,12.0,17.873,37.953,32.081,87.907
4,NOR,39.0,HARD,13.0,17.774,37.979,32.007,87.76
4,NOR,40.0,HARD,14.0,17.844,37.877,31.986,87.707
4,NOR,41.0,HARD,15.0,17.776,38.044,32.037,87.857
4,NOR,42.0,HARD,16.0,17.917,38.102,32.143,88.162
4,NOR,43.0,HARD,17.0,17.78,38.005,32.217,88.002
4,NOR,44.0,HARD,18.0,17.759,38.101,32.102,87.962
4,NOR,45.0,HARD,19.0,17.67,38.065,32.32,88.055
4,NOR,46.0,HARD,20.0,17.721,37.902,32.455,88.078
4,NOR,47.0,HARD,21.0,17.822,38.015,32.4,88.237
4,NOR,48.0,HARD,22.0,17.734,37.993,32.478,88.205
4,NOR,49.0,HARD,23.0,17.72,38.054,32.597,88.371
4,NOR,50.0,HARD,24.0,17.76,37.892,32.476,88.128
4,NOR,51.0,HARD,25.0,17.699,38.072,32.096,87.867
4,NOR,52.0,HARD,26.0,17.581,37.944,31.913,87.438
4,NOR,53.0,HARD,27.0,17.61,37.828,32.082,87.52
4,NOR,54.0,HARD,28.0,17.591,37.872,32.661,88.124
4,NOR,55.0,HARD,29.0,17.662,37.925,32.06,87.647
4,NOR,56.0,HARD,30.0,17.599,37.985,32.114,87.698
4,NOR,57.0,HARD,31.0,17.586,37.999,32.344,87.929
4,NOR,58.0,HARD,32.0,17.513,39.702,32.643,89.858
43,COL,1.0,MEDIUM,1.0,,40.478,36.748,102.506
43,COL,2.0,MEDIUM,2.0,18.904,59.059,44.065,122.028
43,COL,3.0,MEDIUM,3.0,19.368,47.962,63.38,130.71
43,COL,4.0,HARD,1.0,42.63,38.942,33.574,115.146
43,COL,5.0,HARD,2.0,18.259,38.415,32.737,89.411
43,COL,6.0,HARD,3.0,18.098,38.685,33.078,89.861
43,COL,7.0,HARD,4.0,18.201,38.561,33.272,90.034
43,COL,8.0,HARD,5.0,18.209,38.596,33.465,90.27
43,COL,9.0,HARD,6.0,18.213,38.454,33.271,89.938
43,COL,10.0,HARD,7.0,18.311,38.596,33.493,90.4
43,COL,11.0,HARD,8.0,18.43,38.607,33.422,90.459
43,COL,12.0,HARD,9.0,18.265,38.552,33.391,90.208
43,COL,13.0,HARD,10.0,18.368,38.593,33.299,90.26
43,COL,14.0,HARD,11.0,18.258,40.647,33.826,92.731
43,COL,15.0,HARD,12.0,18.478,40.165,34.249,92.892
43,COL,16.0,HARD,13.0,18.247,38.71,33.507,90.464
43,COL,17.0,HARD,14.0,18.292,38.529,33.376,90.197
43,COL,18.0,HARD,15.0,18.241,38.577,33.441,90.259
43,COL,19.0,HARD,16.0,18.247,38.823,33.371,90.441
43,COL,20.0,HARD,17.0,18.184,38.576,33.306,90.066
43,COL,21.0,HARD,18.0,18.169,38.606,33.374,90.149
43,COL,22.0,HARD,19.0,18.339,38.616,33.362,90.317
43,COL,23.0,HARD,20.0,18.419,38.629,33.339,90.387
43,COL,24.0,HARD,21.0,18.378,38.618,33.532,90.528
43,COL,25.0,HARD,22.0,18.182,38.607,33.465,90.254
43,COL,26.0,HARD,23.0,18.279,38.841,43.394,100.514
44,HAM,1.0,HARD,1.0,,40.695,34.848,99.884
44,HAM,2.0,HARD,2.0,18.5,55.233,42.998,116.731
44,HAM,3.0,HARD,3.0,21.874,42.821,33.041,97.736
44,HAM,4.0,HARD,4.0,18.052,38.08,33.534,89.666
44,HAM,5.0,HARD,5.0,18.087,38.059,33.587,89.733
44,HAM,6.0,HARD,6.0,18.103,38.208,34.382,90.693
44,HAM,7.0,HARD,7.0,18.209,38.313,33.833,90.355
44,HAM,8.0,HARD,8.0,18.077,38.462,33.679,90.218
44,HAM,9.0,HARD,9.0,17.991,38.485,33.82,90.296
44,HAM,10.0,HARD,10.0,18.013,38.474,34.168,90.655
44,HAM,11.0,HARD,11.0,18.07,38.43,34.566,91.066
44,HAM,12.0,HARD,12.0,18.04,38.429,33.486,89.955
44,HAM,13.0,HARD,13.0,18.051,39.047,33.182,90.28
44,HAM,14.0,HARD,14.0,18.088,38.928,33.022,90.038
44,HAM,15.0,HARD,15.0,17.916,38.843,33.113,89.872
44,HAM,16.0,HARD,16.0,18.045,38.798,33.123,89.966
44,HAM,17.0,HARD,17.0,17.931,38.707,32.999,89.637
44,HAM,18.0,HARD,18.0,17.946,38.779,33.031,89.756
44,HAM,19.0,HARD,19.0,17.985,38.756,33.108,89.849
44,HAM,20.0,HARD,20.0,18.012,38.726,33.069,89.807
44,HAM,21.0,HARD,21.0,18.038,38.648,33.033,89.719
44,HAM,22.0,HARD,22.0,18.002,38.663,32.99,89.655
44,HAM,23.0,HARD,23.0,17.997,38.796,32.994,89.787
44,HAM,24.0,HARD,24.0,18.014,38.638,33.046,89.698
44,HAM,25.0,HARD,25.0,17.985,38.634,32.997,89.616
44,HAM,26.0,HARD,26.0,17.973,38.703,33.157,89.833
44,HAM,27.0,HARD,27.0,18.034,38.79,33.02,89.844
44,HAM,28.0,HARD,28.0,17.928,38.556,32.997,89.481
44,HAM,29.0,HARD,29.0,17.919,38.68,33.157,89.756
44,HAM,30.0,HARD,30.0,17.929,38.621,32.936,89.486
44,HAM,31.0,HARD,31.0,17.903,38.641,33.17,89.714
44,HAM,32.0,HARD,32.0,17.996,38.623,33.183,89.802
44,HAM,33.0,HARD,33.0,17.94,38.682,32.967,89.589
44,HAM,34.0,HARD,34.0,17.93,38.584,35.278,91.792
44,HAM,35.0,MEDIUM,2.0,38.042,38.445,32.235,108.722
44,HAM,36.0,MEDIUM,3.0,17.683,38.017,32.103,87.803
44,HAM,37.0,MEDIUM,4.0,17.629,37.958,32.154,87.741
44,HAM,38.0,MEDIUM,5.0,17.708,38.156,32.197,88.061
44,HAM,39.0,MEDIUM,6.0,17.628,38.096,32.277,88.001
44,HAM,40.0,MEDIUM,7.0,17.604,37.9,32.222,87.726
44,HAM,41.0,MEDIUM,8.0,17.605,38.026,33.022,88.653
44,HAM,42.0,MEDIUM,9.0,17.744,37.858,32.09,87.692
44,HAM,43.0,MEDIUM,10.0,17.481,38.059,32.016,87.556
44,HAM,44.0,MEDIUM,11.0,17.461,38.008,31.809,87.278
44,HAM,45.0,MEDIUM,12.0,17.473,38.1,32.056,87.629
44,HAM,46.0,MEDIUM,13.0,17.511,38.072,31.988,87.571
44,HAM,47.0,MEDIUM,14.0,17.451,38.123,32.012,87.586
44,HAM,48.0,MEDIUM,15.0,17.411,38.384,31.932,87.727
44,HAM,49.0,MEDIUM,16.0,17.48,38.175,31.835,87.49
44,HAM,50.0,MEDIUM,17.0,17.426,38.147,32.162,87.735
44,HAM,51.0,MEDIUM,18.0,17.458,37.993,31.868,87.319
44,HAM,52.0,MEDIUM,19.0,17.507,38.326,31.966,87.799
44,HAM,53.0,MEDIUM,20.0,17.41,38.319,31.978,87.707
44,HAM,54.0,MEDIUM,21.0,17.384,38.12,31.838,87.342
44,HAM,55.0,MEDIUM,22.0,17.399,38.097,31.902,87.398
44,HAM,56.0,MEDIUM,23.0,17.443,38.178,32.117,87.738
44,HAM,57.0,MEDIUM,24.0,17.375,37.787,32.589,87.751
44,HAM,58.0,MEDIUM,25.0,17.554,37.588,32.642,87.784
55,SAI,1.0,MEDIUM,1.0,,38.437,32.859,92.999
55,SAI,2.0,MEDIUM,2.0,18.329,45.655,45.786,109.77
55,SAI,3.0,MEDIUM,3.0,25.783,44.623,32.389,102.795
55,SAI,4.0,MEDIUM,4.0,18.166,38.123,32.706,88.995
55,SAI,5.0,MEDIUM,5.0,18.101,38.189,32.96,89.25
55,SAI,6.0,MEDIUM,6.0,18.165,38.173,32.915,89.253
55,SAI,7.0,MEDIUM,7.0,18.08,38.207,32.776,89.063
55,SAI,8.0,MEDIUM,8.0,18.142,38.347,32.713,89.202
55,SAI,9.0,MEDIUM,9.0,18.083,38.353,32.751,89.187
55,SAI,10.0,MEDIUM,10.0,18.038,38.373,32.909,89.32
55,SAI,11.0,MEDIUM,11.0,18.104,38.353,32.789,89.246
55,SAI,12.0,MEDIUM,12.0,17.999,38.329,32.822,89.15
55,SAI,13.0,MEDIUM,13.0,18.046,38.315,32.831,89.192
55,SAI,14.0,MEDIUM,14.0,18.089,38.336,32.715,89.14
55,SAI,15.0,MEDIUM,15.0,18.039,38.316,32.867,89.222
55,SAI,16.0,MEDIUM,16.0,17.995,38.462,32.767,89.224
55,SAI,17.0,MEDIUM,17.0,18.0,38.383,32.804,89.187
55,SAI,18.0,MEDIUM,18.0,18.031,38.376,32.603,89.01
55,SAI,19.0,MEDIUM,19.0,18.024,38.406,32.89,89.32
55,SAI,20.0,MEDIUM,20.0,17.989,38.402,32.817,89.208
55,SAI,21.0,MEDIUM,21.0,18.029,38.359,32.803,89.191
55,SAI,22.0,MEDIUM,22.0,17.986,38.319,32.604,88.909
55,SAI,23.0,MEDIUM,23.0,17.956,38.349,32.852,89.157
55,SAI,24.0,MEDIUM,24.0,18.092,38.421,32.859,89.372
55,SAI,25.0,MEDIUM,25.0,17.921,38.243,34.678,90.842
55,SAI,26.0,HARD,1.0,37.391,37.852,32.314,107.557
55,SAI,27.0,HARD,2.0,17.645,37.969,32.563,88.177
55,SAI,28.0,HARD,3.0,17.966,38.0,32.516,88.482
55,SAI,29.0,HARD,4.0,17.977,37.965,32.457,88.399
55,SAI,30.0,HARD,5.0,17.925,37.886,32.373,88.184
55,SAI,31.0,HARD,6.0,17.824,37.991,32.573,88.388
55,SAI,32.0,HARD,7.0,17.86,37.974,32.499,88.333
55,SAI,33.0,HARD,8.0,17.878,37.955,32.537,88.37
55,SAI,34.0,HARD,9.0,17.882,37.922,32.447,88.251
55,SAI,35.0,HARD,10.0,17.846,37.949,32.425,88.22
55,SAI,36.0,HARD,11.0,17.835,38.079,32.453,88.367
55,SAI,37.0,HARD,12.0,17.786,38.103,32.313,88.202
55,SAI,38.0,HARD,13.0,17.778,38.036,32.289,88.103
55,SAI,39.0,HARD,14.0,17.781,37.84,32.303,87.924
55,SAI,40.0,HARD,15.0,17.862,38.16,32.64,88.662
55,SAI,41.0,HARD,16.0,17.824,37.85,32.358,88.032
55,SAI,42.0,HARD,17.0,17.792,38.043,32.42,88.255
55,SAI,43.0,HARD,18.0,17.699,37.902,32.253,87.854
55,SAI,44.0,HARD,19.0,17.791,37.909,32.448,88.148
55,SAI,45.0,HARD,20.0,17.772,37.939,32.62,88.331
55,SAI,46.0,HARD,21.0,17.758,38.099,32.825,88.682
55,SAI,47.0,HARD,22.0,17.805,38.243,32.356,88.404
55,SAI,48.0,HARD,23.0,17.7,38.042,32.402,88.144
55,SAI,49.0,HARD,24.0,17.644,37.99,32.237,87.871
55,SAI,50.0,HARD,25.0,17.685,37.825,32.375,87.885
55,SAI,51.0,HARD,26.0,17.649,38.118,32.709,88.476
55,SAI,52.0,HARD,27.0,17.68,38.058,32.528,88.266
55,SAI,53.0,HARD,28.0,17.718,37.874,32.705,88.297
55,SAI,54.0,HARD,29.0,17.652,38.082,32.449,88.183
55,SAI,55.0,HARD,30.0,17.64,37.888,32.237,87.765
55,SAI,56.0,HARD,31.0,17.575,37.827,32.423,87.825
55,SAI,57.0,HARD,32.0,17.718,37.889,32.244,87.851
55,SAI,58.0,HARD,33.0,17.553,38.122,32.356,88.031
61,DOO,1.0,MEDIUM,1.0,,40.549,35.991,101.564
61,DOO,2.0,MEDIUM,2.0,18.414,57.413,44.987,120.814
61,DOO,3.0,MEDIUM,3.0,19.882,42.818,34.102,96.802
61,DOO,4.0,MEDIUM,4.0,18.067,38.201,33.93,90.198
61,DOO,5.0,MEDIUM,5.0,17.98,38.39,34.087,90.457
61,DOO,6.0,MEDIUM,6.0,18.047,38.501,33.955,90.503
61,DOO,7.0,MEDIUM,7.0,18.107,38.718,33.95,90.775
61,DOO,8.0,MEDIUM,8.0,18.197,39.06,33.695,90.952
61,DOO,9.0,MEDIUM,9.0,18.243,39.192,33.525,90.96
61,DOO,10.0,MEDIUM,10.0,18.2,39.169,33.685,91.054
61,DOO,11.0,MEDIUM,11.0,18.192,39.062,33.571,90.825
61,DOO,12.0,MEDIUM,12.0,18.117,39.12,33.622,90.859
61,DOO,13.0,MEDIUM,13.0,18.108,38.953,33.523,90.584
61,DOO,14.0,MEDIUM,14.0,18.055,39.052,33.503,90.61
61,DOO,15.0,MEDIUM,15.0,18.09,39.823,34.206,92.119
61,DOO,16.0,MEDIUM,16.0,18.161,39.142,33.797,91.1
61,DOO,17.0,MEDIUM,17.0,18.155,39.079,34.329,91.563
61,DOO,18.0,MEDIUM,18.0,18.176,39.153,33.635,90.964
61,DOO,19.0,MEDIUM,19.0,18.041,39.25,33.611,90.902
61,DOO,20.0,MEDIUM,20.0,18.163,39.233,33.544,90.94
61,DOO,21.0,MEDIUM,21.0,18.185,39.03,33.705,90.92
61,DOO,22.0,MEDIUM,22.0,18.105,39.149,35.783,93.037
61,DOO,23.0,HARD,1.0,38.94,38.672,33.382,110.994
61,DOO,24.0,HARD,2.0,17.851,38.123,33.841,89.815
61,DOO,25.0,HARD,3.0,18.031,38.316,33.602,89.949
61,DOO,26.0,HARD,4.0,18.091,38.936,33.384,90.411
61,DOO,27.0,HARD,5.0,17.971,38.769,33.433,90.173
61,DOO,28.0,HARD,6.0,18.066,38.817,33.206,90.089
61,DOO,29.0,HARD,7.0,18.059,38.838,33.315,90.212
61,DOO,30.0,HARD,8.0,17.941,38.925,33.253,90.119
61,DOO,31.0,HARD,9.0,17.93,38.908,33.234,90.072
61,DOO,32.0,HARD,10.0,18.054,38.967,33.383,90.404
61,DOO,33.0,HARD,11.0,17.969,38.822,33.34,90.131
61,DOO,34.0,HARD,12.0,17.966,38.826,33.233,90.025
61,DOO,35.0,HARD,13.0,17.858,38.672,33.183,89.713
61,DOO,36.0,HARD,14.0,17.832,38.596,33.021,89.449
61,DOO,37.0,HARD,15.0,17.861,38.645,32.989,89.495
61,DOO,38.0,HARD,16.0,17.756,38.619,33.126,89.501
61,DOO,39.0,HARD,17.0,17.899,38.769,33.995,90.663
61,DOO,40.0,HARD,18.0,17.969,38.994,34.024,90.987
61,DOO,41.0,HARD,19.0,18.225,38.637,33.161,90.023
61,DOO,42.0,HARD,20.0,17.857,38.653,33.082,89.592
61,DOO,43.0,HARD,21.0,17.906,38.633,34.693,91.232
61,DOO,44.0,HARD,22.0,18.064,38.648,33.041,89.753
61,DOO,45.0,HARD,23.0,17.819,38.546,33.128,89.493
61,DOO,46.0,HARD,24.0,17.924,40.637,33.575,92.136
61,DOO,47.0,HARD,25.0,17.886,38.833,33.034,89.753
61,DOO,48.0,HARD,26.0,17.89,38.68,32.884,89.454
61,DOO,49.0,HARD,27.0,17.759,38.793,33.065,89.617
61,DOO,50.0,HARD,28.0,17.788,39.214,33.535,90.537
61,DOO,51.0,HARD,29.0,17.793,38.996,33.591,90.38
61,DOO,52.0,HARD,30.0,18.037,38.611,32.934,89.582
61,DOO,53.0,HARD,31.0,17.822,38.713,33.182,89.717
61,DOO,54.0,HARD,32.0,17.958,38.666,32.915,89.539
61,DOO,55.0,HARD,33.0,17.904,38.666,33.077,89.647
61,DOO,56.0,HARD,34.0,17.754,38.509,32.858,89.121
61,DOO,57.0,HARD,35.0,17.801,38.767,32.998,89.566
63,RUS,1.0,MEDIUM,2.0,,38.837,33.002,94.679
63,RUS,2.0,MEDIUM,3.0,17.983,48.728,43.127,109.838
63,RUS,3.0,MEDIUM,4.0,25.735,43.337,33.739,102.811
63,RUS,4.0,MEDIUM,5.0,17.841,37.934,33.713,89.488
63,RUS,5.0,MEDIUM,6.0,17.934,37.993,33.869,89.796
63,RUS,6.0,MEDIUM,7.0,17.918,38.19,33.683,89.791
63,RUS,7.0,MEDIUM,8.0,17.94,37.834,33.964,89.738
63,RUS,8.0,MEDIUM,9.0,17.962,38.422,33.604,89.988
63,RUS,9.0,MEDIUM,10.0,17.887,38.624,33.305,89.816
63,RUS,10.0,MEDIUM,11.0,17.981,38.654,33.421,90.056
63,RUS,11.0,MEDIUM,12.0,18.006,38.702,33.347,90.055
63,RUS,12.0,MEDIUM,13.0,17.999,38.678,33.361,90.038
63,RUS,13.0,MEDIUM,14.0,17.963,38.735,33.382,90.08
63,RUS,14.0,MEDIUM,15.0,17.92,38.139,33.908,89.967
63,RUS,15.0,MEDIUM,16.0,18.126,38.766,33.202,90.094
63,RUS,16.0,MEDIUM,17.0,17.869,38.845,33.081,89.795
63,RUS,17.0,MEDIUM,18.0,17.824,38.804,33.138,89.766
63,RUS,18.0,MEDIUM,19.0,17.857,38.858,33.204,89.919
63,RUS,19.0,MEDIUM,20.0,17.824,38.78,33.253,89.857
63,RUS,20.0,MEDIUM,21.0,17.88,38.957,33.066,89.903
63,RUS,21.0,MEDIUM,22.0,18.007,39.077,33.284,90.368
63,RUS,22.0,MEDIUM,23.0,17.984,38.74,33.172,89.896
63,RUS,23.0,MEDIUM,24.0,17.969,38.765,33.561,90.295
63,RUS,24.0,MEDIUM,25.0,17.915,38.805,33.202,89.922
63,RUS,25.0,MEDIUM,26.0,17.937,38.787,33.221,89.945
63,RUS,26.0,MEDIUM,27.0,17.962,38.897,35.198,92.057
63,RUS,27.0,HARD,1.0,37.901,38.179,32.773,108.853
63,RUS,28.0,HARD,2.0,17.885,38.187,32.398,88.47
63,RUS,29.0,HARD,3.0,17.78,38.266,32.434,88.48
63,RUS,30.0,HARD,4.0,17.691,38.254,32.405,88.35
63,RUS,31.0,HARD,5.0,17.74,37.991,33.25,88.981
63,RUS,32.0,HARD,6.0,17.66,38.217,32.57,88.447
63,RUS,33.0,HARD,7.0,17.683,38.355,32.573,88.611
63,RUS,34.0,HARD,8.0,17.656,38.204,32.513,88.373
63,RUS,35.0,HARD,9.0,17.664,38.373,32.436,88.473
63,RUS,36.0,HARD,10.0,17.771,38.298,32.432,88.501
63,RUS,37.0,HARD,11.0,17.743,38.28,32.475,88.498
63,RUS,38.0,HARD,12.0,17.667,38.266,32.53,88.463
63,RUS,39.0,HARD,13.0,17.607,38.193,32.529,88.329
63,RUS,40.0,HARD,14.0,17.676,38.214,32.564,88.454
63,RUS,41.0,HARD,15.0,17.63,38.506,32.541,88.677
63,RUS,42.0,HARD,16.0,17.618,38.302,32.518,88.438
63,RUS,43.0,HARD,17.0,17.599,38.256,32.474,88.329
63,RUS,44.0,HARD,18.0,17.601,38.368,32.467,88.436
63,RUS,45.0,HARD,19.0,17.634,38.6,32.475,88.709
63,RUS,46.0,HARD,20.0,17.591,38.373,32.585,88.549
63,RUS,47.0,HARD,21.0,17.637,38.422,32.777,88.836
63,RUS,48.0,HARD,22.0,17.672,38.342,32.491,88.505
63,RUS,49.0,HARD,23.0,17.531,38.429,32.46,88.42
63,RUS,50.0,HARD,24.0,17.504,38.667,32.452,88.623
63,RUS,51.0,HARD,25.0,17.497,38.404,32.349,88.25
63,RUS,52.0,HARD,26.0,17.544,38.386,32.464,88.394
63,RUS,53.0,HARD,27.0,17.492,38.37,32.825,88.687
63,RUS,54.0,HARD,28.0,17.555,38.432,32.393,88.38
63,RUS,55.0,HARD,29.0,17.538,38.418,32.405,88.361
63,RUS,56.0,HARD,30.0,17.533,38.292,32.37,88.195
63,RUS,57.0,HARD,31.0,17.485,38.359,32.363,88.207
63,RUS,58.0,HARD,32.0,17.509,38.27,33.813,89.592
77,BOT,1.0,MEDIUM,1.0,,41.546,35.018,100.183
77,BOT,2.0,MEDIUM,2.0,18.637,55.829,43.078,117.544
77,BOT,3.0,MEDIUM,3.0,21.601,43.194,33.306,98.101
77,BOT,4.0,MEDIUM,4.0,18.113,38.415,33.416,89.944
77,BOT,5.0,MEDIUM,5.0,18.211,38.494,33.769,90.474
77,BOT,6.0,MEDIUM,6.0,18.295,39.103,35.99,93.388
77,BOT,7.0,HARD,1.0,58.034,39.15,32.948,130.132
77,BOT,8.0,HARD,2.0,18.092,38.666,32.839,89.597
77,BOT,9.0,HARD,3.0,18.061,38.711,33.131,89.903
77,BOT,10.0,HARD,4.0,18.13,38.786,32.922,89.838
77,BOT,11.0,HARD,5.0,18.093,38.787,33.013,89.893
77,BOT,12.0,HARD,6.0,18.146,38.807,32.93,89.883
77,BOT,13.0,HARD,7.0,18.059,38.841,32.912,89.812
77,BOT,14.0,HARD,8.0,17.941,38.617,32.924,89.482
77,BOT,15.0,HARD,9.0,17.989,38.859,32.724,89.572
77,BOT,16.0,HARD,10.0,18.043,38.657,32.882,89.582
77,BOT,17.0,HARD,11.0,17.963,38.93,32.926,89.819
77,BOT,18.0,HARD,12.0,18.029,38.747,32.904,89.68
77,BOT,19.0,HARD,13.0,18.069,38.893,33.084,90.046
77,BOT,20.0,HARD,14.0,18.121,38.85,33.132,90.103
77,BOT,21.0,HARD,15.0,18.08,38.703,33.04,89.823
77,BOT,22.0,HARD,16.0,18.15,39.041,33.285,90.476
77,BOT,23.0,HARD,17.0,18.297,38.48,34.022,90.799
77,BOT,24.0,HARD,18.0,18.303,38.84,33.53,90.673
77,BOT,25.0,HARD,19.0,18.26,38.78,34.48,91.52
77,BOT,26.0,HARD,20.0,18.361,39.122,33.769,91.252
77,BOT,27.0,HARD,21.0,18.308,39.043,33.463,90.814
77,BOT,28.0,HARD,22.0,18.211,38.869,33.622,90.702
77,BOT,29.0,HARD,23.0,18.311,38.886,33.494,90.691
77,BOT,30.0,HARD,24.0,18.26,59.734,65.56,143.554
81,PIA,1.0,MEDIUM,1.0,,40.179,33.61,103.757
81,PIA,2.0,MEDIUM,2.0,18.638,58.714,44.564,121.916
81,PIA,3.0,MEDIUM,3.0,20.038,40.515,34.307,94.86
81,PIA,4.0,MEDIUM,4.0,18.474,38.48,35.247,92.201
81,PIA,5.0,HARD,1.0,40.033,38.421,32.433,110.887
81,PIA,6.0,HARD,2.0,18.106,38.347,32.497,88.95
81,PIA,7.0,HARD,3.0,18.083,38.478,32.591,89.152
81,PIA,8.0,HARD,4.0,18.21,38.424,32.848,89.482
81,PIA,9.0,HARD,5.0,18.128,38.415,33.01,89.553
81,PIA,10.0,HARD,6.0,18.149,38.453,33.067,89.669
81,PIA,11.0,HARD,7.0,17.999,38.441,32.877,89.317
81,PIA,12.0,HARD,8.0,17.905,38.644,33.292,89.841
81,PIA,13.0,HARD,9.0,17.893,38.263,33.411,89.567
81,PIA,14.0,HARD,10.0,17.893,37.918,33.508,89.319
81,PIA,15.0,HARD,11.0,18.025,38.286,33.584,89.895
81,PIA,16.0,HARD,12.0,17.974,38.636,33.294,89.904
81,PIA,17.0,HARD,13.0,17.926,38.324,33.409,89.659
81,PIA,18.0,HARD,14.0,17.868,38.241,33.498,89.607
81,PIA,19.0,HARD,15.0,18.057,38.605,33.396,90.058
81,PIA,20.0,HARD,16.0,18.102,38.533,33.556,90.191
81,PIA,21.0,HARD,17.0,18.045,38.687,33.545,90.277
81,PIA,22.0,HARD,18.0,18.135,38.512,33.526,90.173
81,PIA,23.0,HARD,19.0,18.059,38.373,33.229,89.661
81,PIA,24.0,HARD,20.0,17.984,38.468,33.338,89.79
81,PIA,25.0,HARD,21.0,18.055,38.522,33.317,89.894
81,PIA,26.0,HARD,22.0,17.92,38.51,33.239,89.669
81,PIA,27.0,HARD,23.0,17.929,38.447,33.255,89.631
81,PIA,28.0,HARD,24.0,17.997,38.593,33.446,90.036
81,PIA,29.0,HARD,25.0,18.097,38.503,33.135,89.735
81,PIA,30.0,HARD,26.0,18.059,38.608,33.24,89.907
81,PIA,31.0,HARD,27.0,18.048,38.754,33.367,90.169
81,PIA,32.0,HARD,28.0,18.099,38.563,34.965,91.627
81,PIA,33.0,HARD,1.0,48.961,38.555,32.932,120.448
81,PIA,34.0,HARD,2.0,18.191,38.117,32.268,88.576
81,PIA,35.0,HARD,3.0,18.109,37.98,32.104,88.193
81,PIA,36.0,HARD,4.0,17.717,37.866,32.348,87.931
81,PIA,37.0,HARD,5.0,17.682,37.749,33.038,88.469
81,PIA,38.0,HARD,6.0,17.672,37.733,32.833,88.238
81,PIA,39.0,HARD,7.0,17.684,37.777,32.745,88.206
81,PIA,40.0,HARD,8.0,17.941,38.041,32.343,88.325
81,PIA,41.0,HARD,9.0,17.724,38.063,32.325,88.112
81,PIA,42.0,HARD,10.0,17.654,38.174,32.239,88.067
81,PIA,43.0,HARD,11.0,17.63,37.968,32.454,88.052
81,PIA,44.0,HARD,12.0,17.629,37.979,32.889,88.497
81,PIA,45.0,HARD,13.0,17.74,37.922,34.353,90.015
81,PIA,46.0,HARD,14.0,17.981,38.088,33.608,89.677
81,PIA,47.0,HARD,15.0,17.802,38.006,33.863,89.671
81,PIA,48.0,HARD,16.0,17.768,37.885,32.754,88.407
81,PIA,49.0,HARD,17.0,17.618,38.131,32.179,87.928
81,PIA,50.0,HARD,18.0,17.596,38.066,32.043,87.705
81,PIA,51.0,HARD,19.0,17.557,38.005,32.128,87.69
81,PIA,52.0,HARD,20.0,17.581,37.773,33.137,88.491
81,PIA,53.0,HARD,21.0,18.013,37.941,32.214,88.168
81,PIA,54.0,HARD,22.0,17.591,38.078,32.062,87.731
81,PIA,55.0,HARD,23.0,17.639,38.014,32.128,87.781
81,PIA,56.0,HARD,24.0,17.603,38.0,32.213,87.816
81,PIA,57.0,HARD,25.0,17.65,38.546,32.358,88.554
81,PIA,58.0,HARD,26.0,17.668,38.009,32.333,88.01
